"id","sponsor_id","name","short_description","full_description","court_id"
5,1,"Tech","sdas","sdf",3
6,1,"CIC Venture Cafe","Venture Cafe Third Week in October","We need volunteers to check people in.",2
4,1,"Ballwin Days","Ballwin Days Volunteer Corps","Need volunteers to man our concession booth at the Ballwin Days celebration.",1
1,1,"Cool Valley Job Fair","Cool Valley Job Fair Volunteers","Need volunteers to welcome visitors to the first annual Cool Valley Job Fair.",18
7,1,"Demo Opportunity","Short-Description","Full-Description",84
2,1,"Bel-Nor Job Fair","Bel-Nor Job Fair Volunteers","Need volunteers to welcome guests to the first annual Bel-Nor Job Fair.",4
3,1,"Valley Park Founders' Day Parade","Valley Park Founders' Day Parade Volunteers","We need volunteers to man our concession stand at the Valley Park Founder's Day Parade.",70
8,1,"Help Alex Event","Come help alex determine how he should use his globalhack winnings","Come help alex determine how he should use his globalhack winnings more and more and more....",70
9,1,"Riverbank Cleanup Day","test","test",60
10,1,"test2","streambank cleanup","xxx",28
11,1,"Streambank Restoration Maline Creek","honeysuckle removal","test",28
